{
  "generated_at": "2026-02-16T07:39:31.798910",
  "phase": "1B-D",
  "data_source": "cse_daily_prices",
  "stocks_analyzed": 297,
  "metrics_count": 8,
  "metrics": {
    "trade_volume": {
      "name": "Trade Volume",
      "description": "Number of trades executed",
      "direction": "higher_better",
      "unit": "trades",
      "percentiles": {
        "p10": 8.0,
        "p25": 20.0,
        "p50": 58.0,
        "p75": 137.0,
        "p90": 315.4000000000002,
        "p95": 452.7999999999999,
        "mean": 126.62962962962963,
        "median": 58.0,
        "std": 208.17230112807266,
        "min": 1.0,
        "max": 1737.0,
        "count": 297
      },
      "scoring_bands": {
        "exceptional": {
          "min": 315.4000000000002,
          "max": null,
          "score_range": [
            90,
            100
          ]
        },
        "strong": {
          "min": 137.0,
          "max": 315.4000000000002,
          "score_range": [
            75,
            89
          ]
        },
        "moderate": {
          "min": 58.0,
          "max": 137.0,
          "score_range": [
            50,
            74
          ]
        },
        "weak": {
          "min": 20.0,
          "max": 58.0,
          "score_range": [
            25,
            49
          ]
        },
        "poor": {
          "min": 0.0,
          "max": 20.0,
          "score_range": [
            0,
            24
          ]
        }
      }
    },
    "share_volume": {
      "name": "Share Volume",
      "description": "Total shares traded",
      "direction": "higher_better",
      "unit": "shares",
      "percentiles": {
        "p10": 392.6,
        "p25": 3975.0,
        "p50": 42199.0,
        "p75": 261643.0,
        "p90": 878929.6000000007,
        "p95": 1654463.9999999995,
        "mean": 479616.99326599325,
        "median": 42199.0,
        "std": 2526945.476174321,
        "min": 1.0,
        "max": 40389106.0,
        "count": 297
      },
      "scoring_bands": {
        "exceptional": {
          "min": 878929.6000000007,
          "max": null,
          "score_range": [
            90,
            100
          ]
        },
        "strong": {
          "min": 261643.0,
          "max": 878929.6000000007,
          "score_range": [
            75,
            89
          ]
        },
        "moderate": {
          "min": 42199.0,
          "max": 261643.0,
          "score_range": [
            50,
            74
          ]
        },
        "weak": {
          "min": 3975.0,
          "max": 42199.0,
          "score_range": [
            25,
            49
          ]
        },
        "poor": {
          "min": 0.0,
          "max": 3975.0,
          "score_range": [
            0,
            24
          ]
        }
      }
    },
    "intraday_volatility": {
      "name": "Intraday Volatility",
      "description": "Daily price range percentage",
      "direction": "neutral",
      "unit": "percent",
      "percentiles": {
        "p10": 0.9446783652789507,
        "p25": 1.851851851851852,
        "p50": 3.124999999999989,
        "p75": 4.761904761904765,
        "p90": 8.22222222222223,
        "p95": 10.67512779834302,
        "mean": 4.358500336475953,
        "median": 3.124999999999989,
        "std": 5.067675216812065,
        "min": 0.0,
        "max": 45.90303373972214,
        "count": 297
      },
      "scoring_bands": {
        "very_high": {
          "min": 8.22222222222223,
          "max": null,
          "score_range": null
        },
        "high": {
          "min": 4.761904761904765,
          "max": 8.22222222222223,
          "score_range": null
        },
        "moderate": {
          "min": 3.124999999999989,
          "max": 4.761904761904765,
          "score_range": null
        },
        "low": {
          "min": 1.851851851851852,
          "max": 3.124999999999989,
          "score_range": null
        },
        "very_low": {
          "min": 0.0,
          "max": 1.851851851851852,
          "score_range": null
        }
      }
    },
    "trade_density": {
      "name": "Trade Density",
      "description": "Average shares per trade (institutional indicator)",
      "direction": "contextual",
      "unit": "shares/trade",
      "percentiles": {
        "p10": 25.30588235294118,
        "p25": 177.16666666666666,
        "p50": 667.7883597883598,
        "p75": 2149.181818181818,
        "p90": 5383.852539831303,
        "p95": 8646.380662020894,
        "mean": 2125.359124550776,
        "median": 667.7883597883598,
        "std": 4349.8619926434285,
        "min": 1.0,
        "max": 33025.1641221374,
        "count": 297
      },
      "scoring_bands": {
        "very_high": {
          "min": 5383.852539831303,
          "max": null,
          "score_range": null
        },
        "high": {
          "min": 2149.181818181818,
          "max": 5383.852539831303,
          "score_range": null
        },
        "moderate": {
          "min": 667.7883597883598,
          "max": 2149.181818181818,
          "score_range": null
        },
        "low": {
          "min": 177.16666666666666,
          "max": 667.7883597883598,
          "score_range": null
        },
        "very_low": {
          "min": 0.0,
          "max": 177.16666666666666,
          "score_range": null
        }
      }
    },
    "volume_ratio_5d_20d": {
      "name": "Volume Ratio 5D/20D",
      "description": "Recent volume vs average volume (accumulation signal)",
      "direction": "higher_better",
      "unit": "ratio",
      "percentiles": {
        "p10": 0.1369095140417023,
        "p25": 0.2948408947992574,
        "p50": 0.5612075712148858,
        "p75": 1.0922993471282476,
        "p90": 1.6600453704502613,
        "p95": 2.708807054513847,
        "mean": 0.8141055115582095,
        "median": 0.5612075712148858,
        "std": 0.7643861166834395,
        "min": 0.0274638921813951,
        "max": 3.853771402128644,
        "count": 297
      },
      "scoring_bands": {
        "exceptional": {
          "min": 1.6600453704502613,
          "max": null,
          "score_range": [
            90,
            100
          ]
        },
        "strong": {
          "min": 1.0922993471282476,
          "max": 1.6600453704502613,
          "score_range": [
            75,
            89
          ]
        },
        "moderate": {
          "min": 0.5612075712148858,
          "max": 1.0922993471282476,
          "score_range": [
            50,
            74
          ]
        },
        "weak": {
          "min": 0.2948408947992574,
          "max": 0.5612075712148858,
          "score_range": [
            25,
            49
          ]
        },
        "poor": {
          "min": 0.0,
          "max": 0.2948408947992574,
          "score_range": [
            0,
            24
          ]
        }
      }
    },
    "momentum_5d": {
      "name": "Momentum 5D",
      "description": "5-day price return percentage",
      "direction": "higher_better",
      "unit": "percent",
      "percentiles": {
        "p10": -3.392733163619532,
        "p25": -1.775147928994066,
        "p50": -0.17174753112924,
        "p75": 1.38445154419595,
        "p90": 5.693355365619473,
        "p95": 10.204999999999991,
        "mean": 1.278377209057361,
        "median": -0.17174753112924,
        "std": 10.004975616297626,
        "min": -52.6391382405745,
        "max": 92.6903941829315,
        "count": 297
      },
      "scoring_bands": {
        "exceptional": {
          "min": 5.693355365619473,
          "max": null,
          "score_range": [
            90,
            100
          ]
        },
        "strong": {
          "min": 1.38445154419595,
          "max": 5.693355365619473,
          "score_range": [
            75,
            89
          ]
        },
        "moderate": {
          "min": -0.17174753112924,
          "max": 1.38445154419595,